Employer,Industry,Hiring platform,Careers page,Lane postings open now,Lane cities now,Found via,First seen,Last seen,Nights seen hiring,Example posting
The Home Depot,Retail,,,12,Eugene,WorkSource Oregon listing,2026-10-06,2026-10-06,1,
PeaceHealth,Healthcare,Employer website,https://careers.peacehealth.org,11,"Cottage Grove, Eugene, Florence, Springfield","Employer's hiring site, Reposted by a job board",2026-10-06,2026-10-06,1,https://careers.peacehealth.org/jobs/18306903-clinical-social-worker-care-management
OEG (Everus),Construction & trades,UKG (UltiPro),https://everus.rec.pro.ukg.net/mdu1500mduc/jobboard/f9402b82-d385-4067-ab64-4e65b88ce602,9,"Coburg, Eugene","Employer's hiring site, Reposted by a job board, WorkSource Oregon listing",2026-10-06,2026-10-06,1,https://everus.rec.pro.ukg.net/mdu1500mduc/jobboard/f9402b82-d385-4067-ab64-4e65b88ce602/opportunitydetail?opportunityid=dce967e7-0714-46ac-a040-fe10307f7b8a
Lithia Motors,Retail,,,6,"Eugene, Springfield","Reposted by a job board, WorkSource Oregon listing",2026-10-06,2026-10-06,1,
Bass Pro Shops,Retail,Workday,https://basspro.wd1.myworkdayjobs.com/en-us/careers,5,Springfield,"Employer's hiring site, Reposted by a job board, WorkSource Oregon listing",2026-10-06,2026-10-06,1,https://basspro.wd1.myworkdayjobs.com/en-us/careers/job/footwear-sales-outfitter---part-time_r269451
CDM Smith,Engineering services,,,5,Eugene,WorkSource Oregon listing,2026-10-06,2026-10-06,1,
Lowe's,Retail,Workday,https://lowes.wd5.myworkdayjobs.com/en-us/lws_external_cs,5,Eugene,"Employer's hiring site, WorkSource Oregon listing",2026-10-06,2026-10-06,1,https://lowes.wd5.myworkdayjobs.com/en-us/lws_external_cs/job/part-time---fulfillment-associate---flexible_jr-02662378
PacificSource,Healthcare,,,5,Springfield,"Reposted by a job board, WorkSource Oregon listing",2026-10-06,2026-10-06,1,
Baker Tilly,Finance,,,4,Eugene,WorkSource Oregon listing,2026-10-06,2026-10-06,1,
Kroger (Fred Meyer),Retail,,,4,"Eugene, Florence","Reposted by a job board, WorkSource Oregon listing",2026-10-06,2026-10-06,1,
Lane County,Public sector,NEOGOV (GovernmentJobs),,4,"Coburg, Eugene","Employer's hiring site, Reposted by a job board",2026-10-06,2026-10-06,1,https://www.governmentjobs.com/jobs/5503968-0/behavioral-health-clinical-supervisor-mobile-crisis-services
McKenzie-Willamette Medical Center,Healthcare,UKG (UltiPro),https://recruiting2.ultipro.com/qhc1000qhcs/jobboard/03176428-96f4-412f-8077-fe5445cc40f6,4,Springfield,Employer's hiring site,2026-10-06,2026-10-06,1,https://recruiting2.ultipro.com/qhc1000qhcs/jobboard/03176428-96f4-412f-8077-fe5445cc40f6/opportunitydetail?opportunityid=2fb55f81-5090-4821-a163-0a9355c6150d
Post Consumer Brands,Food & beverage,Employer website,https://jobs.postholdings.com,4,Eugene,"Employer's hiring site, Reposted by a job board, WorkSource Oregon listing",2026-10-06,2026-10-06,1,https://jobs.postholdings.com/postconsumerbrands-home/jobs/32429
Ross Stores,Retail,Employer website,https://jobs.rossstores.com,4,"Eugene, Springfield","Employer's hiring site, WorkSource Oregon listing",2026-10-06,2026-10-06,1,https://jobs.rossstores.com/search/jobdetails/overnight-stock-associate/c3fe4b8c-ed74-4a94-ad1a-d41c4ceb5a77
Sherwin-Williams,Retail,,,4,"Eugene, Springfield",WorkSource Oregon listing,2026-10-06,2026-10-06,1,
U-Haul,Transportation & logistics,Workday,https://uhaul.wd1.myworkdayjobs.com/en-us/uhauljobs,4,Eugene,"Employer's hiring site, WorkSource Oregon listing",2026-10-06,2026-10-06,1,https://uhaul.wd1.myworkdayjobs.com/en-us/uhauljobs/job/trailer-sri-repair-specialist_r256784
Camping World,Retail,Workday,https://campingworld.wd5.myworkdayjobs.com/en-us/jobs,3,Coburg,"Employer's hiring site, Reposted by a job board, WorkSource Oregon listing",2026-10-06,2026-10-06,1,https://campingworld.wd5.myworkdayjobs.com/en-us/jobs/job/detailer_26_08507
Done Right Trucking (Redgo),Transportation & logistics,,,3,"Cottage Grove, Florence, Springfield",Reposted by a job board,2026-10-06,2026-10-06,1,
Hillside Heights Rehabilitation Center,Healthcare,,,3,Eugene,Reposted by a job board,2026-10-06,2026-10-06,1,
J.P. Morgan Asset Management (timberland),Wood products & forestry,,,3,Junction City,WorkSource Oregon listing,2026-10-06,2026-10-06,1,
Marquis Companies,Healthcare,Employer website,https://careers.marquiscompanies.com,3,"Eugene, Springfield",Employer's hiring site,2026-10-06,2026-10-06,1,https://careers.marquiscompanies.com/jobs/16537
May Trucking,Transportation & logistics,,,3,"Junction City, Springfield, Veneta",Reposted by a job board,2026-10-06,2026-10-06,1,
The Clorox Company,Manufacturing,,,3,Springfield,"Reposted by a job board, WorkSource Oregon listing",2026-10-06,2026-10-06,1,
University of Oregon,Public sector,Employer website,https://careers.uoregon.edu,3,Eugene,"Employer's hiring site, WorkSource Oregon listing",2026-10-06,2026-10-06,1,https://careers.uoregon.edu/en-us/job/536939/oregon-hazards-lab-ohaz-multihazards-field-engineer
Unnamed employer (Oracle Recruiting),,Oracle Recruiting,https://eofd.fa.us6.oraclecloud.com/hcmui/candidateexperience/en/sites/cx_1001,3,"Cottage Grove, Springfield",Employer's hiring site,2026-10-06,2026-10-06,1,https://eofd.fa.us6.oraclecloud.com/hcmui/candidateexperience/en/sites/cx_1001/job/775428
Unnamed employer (Paylocity),,Paylocity,,3,Eugene,Employer's hiring site,2026-10-06,2026-10-06,1,https://recruiting.paylocity.com/recruiting/jobs/details/4558417
UPS,Transportation & logistics,Workday,https://hcmportal.wd5.myworkdayjobs.com/en-us/search,3,Eugene,"Employer's hiring site, WorkSource Oregon listing",2026-10-06,2026-10-06,1,https://hcmportal.wd5.myworkdayjobs.com/en-us/search/job/seasonal-helper-coordinator_r26034406
Walgreens,Retail,,,3,Springfield,"Reposted by a job board, WorkSource Oregon listing",2026-10-06,2026-10-06,1,
AutoZone,Retail,,,2,"Eugene, Florence",WorkSource Oregon listing,2026-10-06,2026-10-06,1,
Avenue5 Residential,Real estate,,,2,Springfield,WorkSource Oregon listing,2026-10-06,2026-10-06,1,
Columbia Hospitality (Valley River Inn),Hospitality & leisure,Dayforce,https://jobs.dayforcehcm.com/en-US/chi/CANDIDATEPORTAL,2,Eugene,Employer's hiring site,2026-10-06,2026-10-06,1,https://jobs.dayforcehcm.com/en-US/chi/CANDIDATEPORTAL/jobs/75861
Eugene School District 4J,Public sector,NEOGOV (GovernmentJobs),,2,Eugene,Employer's hiring site,2026-10-06,2026-10-06,1,https://www.governmentjobs.com/jobs/5503658-0/assistant-girls-basketball-coach-churchill-high-school
Franz Family Bakeries,Food & beverage,UKG (UltiPro),https://bakeryportal.rec.pro.ukg.net/uni1118ubake/jobboard/5324de7a-568a-4c02-b992-14593e5888be,2,Eugene,"Employer's hiring site, Reposted by a job board",2026-10-06,2026-10-06,1,https://bakeryportal.rec.pro.ukg.net/uni1118ubake/jobboard/5324de7a-568a-4c02-b992-14593e5888be/opportunitydetail?opportunityid=827da57a-6f98-4064-93ff-c3f789078d23
Fresenius Kidney Care,Healthcare,,,2,Eugene,WorkSource Oregon listing,2026-10-06,2026-10-06,1,
Gentle Dental,Healthcare,UKG (UltiPro),https://recruiting2.ultipro.com/int1061idsc/jobboard/01e1ba61-9460-43b1-988f-67da092f4d32,2,Eugene,"Employer's hiring site, Reposted by a job board",2026-10-06,2026-10-06,1,https://recruiting2.ultipro.com/int1061idsc/jobboard/01e1ba61-9460-43b1-988f-67da092f4d32/opportunitydetail?opportunityid=4e11ea17-7400-4fec-b4df-abba2a2c69db
GloryBee,Food & beverage,,,2,Eugene,"Reposted by a job board, WorkSource Oregon listing",2026-10-06,2026-10-06,1,
JPMorgan Chase,Finance,,,2,"Eugene, Springfield",WorkSource Oregon listing,2026-10-06,2026-10-06,1,
Lane Community College,Public sector,,,2,Eugene,"Reposted by a job board, WorkSource Oregon listing",2026-10-06,2026-10-06,1,
Linguava,Other,Trakstar Hire,,2,Eugene,"Employer's hiring site, Reposted by a job board",2026-10-06,2026-10-06,1,https://linguava.hire.trakstar.com/jobs/fk0zlje
NW Industrial Staffing,Staffing agency,,,2,Eugene,Reposted by a job board,2026-10-06,2026-10-06,1,
Schulte Hospitality Group,Hospitality & leisure,ADP,https://myjobs.adp.com/schultehotelcareers/cx,2,Eugene,Employer's hiring site,2026-10-06,2026-10-06,1,https://myjobs.adp.com/schultehotelcareers/cx/job-details?reqId=5001229036406
Sephora,Retail,Employer website,https://join.sephora.com,2,"Eugene, Springfield","Employer's hiring site, WorkSource Oregon listing",2026-10-06,2026-10-06,1,https://join.sephora.com/careers/job/790318760525-seasonal-associate-eugene-or-united-states?domain=sephora.com
Sweetbriar Villa,Healthcare,Paycom,https://www.paycomonline.net/v4/ats/web.php/portal/EBAF78744751079C60EAB13521179107,2,Springfield,Employer's hiring site,2026-10-06,2026-10-06,1,https://www.paycomonline.net/v4/ats/web.php/portal/EBAF78744751079C60EAB13521179107/jobs/249481
The Vitamin Shoppe,Retail,,,2,Eugene,"Reposted by a job board, WorkSource Oregon listing",2026-10-06,2026-10-06,1,
Unnamed employer (Hirebridge),,Hirebridge,,2,Springfield,Employer's hiring site,2026-10-06,2026-10-06,1,https://recruit.hirebridge.com/v3/CareerCenter/v2/details.aspx?cid=7997&jid=735772
Unnamed employer (NEOGOV (GovernmentJobs)),,NEOGOV (GovernmentJobs),,2,Eugene,Employer's hiring site,2026-10-06,2026-10-06,1,https://www.governmentjobs.com/jobs/5502788-0/communications-officer
Unnamed employer (Paychex),,Paychex,,2,Eugene,Employer's hiring site,2026-10-06,2026-10-06,1,https://recruiting.myapps.paychex.com/appone/MainInfoReq.asp?R_ID=7216962&B_ID=91&fid=1&Adid=&SearchScreenID=14663&CountryID=3&LanguageID=2
VSP Vision (Eugene Eyewear),Healthcare,,,2,Eugene,"Reposted by a job board, WorkSource Oregon listing",2026-10-06,2026-10-06,1,
Wells Fargo,Finance,,,2,"Eugene, Springfield",WorkSource Oregon listing,2026-10-06,2026-10-06,1,
Whole Foods Market,Retail,Employer website,https://careers.wholefoods.com,2,Eugene,"Employer's hiring site, Reposted by a job board",2026-10-06,2026-10-06,1,https://careers.wholefoods.com/prepared-foods-dishwasher-part-time/job/Req-202503100790
Willamette Valley Cancer Institute,Healthcare,Employer website,https://careers.usoncology.com,2,"Coburg, Eugene","Employer's hiring site, Reposted by a job board",2026-10-06,2026-10-06,1,https://careers.usoncology.com/main/jobs/43420
Wingstop,Hospitality & leisure,,,2,Springfield,Reposted by a job board,2026-10-06,2026-10-06,1,
Zip-O-Log Mills,Wood products & forestry,,,2,Eugene,Reposted by a job board,2026-10-06,2026-10-06,1,
AACPNW (office-based dental anesthesia),Healthcare,Greenhouse,https://job-boards.greenhouse.io/aacpnw,1,Springfield,Employer's hiring site,2026-10-06,2026-10-06,1,https://job-boards.greenhouse.io/aacpnw/jobs/4739841005?gh_jid=4739841005
ABC Supply,Construction & trades,,,1,Eugene,Reposted by a job board,2026-10-06,2026-10-06,1,
ABTS Inc,Finance,,,1,Eugene,Reposted by a job board,2026-10-06,2026-10-06,1,
Advantage Solutions,Retail,,,1,Eugene,WorkSource Oregon listing,2026-10-06,2026-10-06,1,
Aggregate Resource Industries,Construction & trades,,,1,Springfield,Reposted by a job board,2026-10-06,2026-10-06,1,
Albertsons,Retail,,,1,Eugene,Reposted by a job board,2026-10-06,2026-10-06,1,
Alive Integrative Medicine,Healthcare,,,1,Eugene,Reposted by a job board,2026-10-06,2026-10-06,1,
Allen Media Broadcasting,Creative & media,Employer website,https://allenmediabroadcasting.com,1,Eugene,Employer's hiring site,2026-10-06,2026-10-06,1,https://allenmediabroadcasting.com/index.php?mact=hmJobs
Allied Universal,Security services,,,1,Eugene,Reposted by a job board,2026-10-06,2026-10-06,1,
American Traveler,Staffing agency,,,1,Springfield,Reposted by a job board,2026-10-06,2026-10-06,1,
Beauty Bar Salon,Other,,,1,Eugene,Reposted by a job board,2026-10-06,2026-10-06,1,
Benson Health Clinic,Healthcare,,,1,Eugene,Reposted by a job board,2026-10-06,2026-10-06,1,
Bi-Mart,Retail,iCIMS,https://careers-bimart.icims.com/jobs,1,Eugene,Employer's hiring site,2026-10-06,2026-10-06,1,https://careers-bimart.icims.com/jobs/5999/administrative-assistant-merchandising/job
BPAS,Finance,,,1,Eugene,Reposted by a job board,2026-10-06,2026-10-06,1,
Brink's Land Improvement,Construction & trades,,,1,Pleasant Hill,Reposted by a job board,2026-10-06,2026-10-06,1,
Broad River Retail,Retail,Paycom,https://www.paycomonline.net/v4/ats/web.php/portal/E4C2B28D385EF20D6809512B89ECBCF4,1,Springfield,Employer's hiring site,2026-10-06,2026-10-06,1,https://www.paycomonline.net/v4/ats/web.php/portal/E4C2B28D385EF20D6809512B89ECBCF4/jobs/377491
Bureau of Land Management,Public sector,,,1,Springfield,WorkSource Oregon listing,2026-10-06,2026-10-06,1,
Bushnell University,Nonprofit,,,1,Eugene,Reposted by a job board,2026-10-06,2026-10-06,1,
Castle Megastore Group,Retail,,,1,Eugene,Reposted by a job board,2026-10-06,2026-10-06,1,
CBRE,Other,,,1,Eugene,WorkSource Oregon listing,2026-10-06,2026-10-06,1,
Central Willamette Credit Union,Finance,,,1,Eugene,Reposted by a job board,2026-10-06,2026-10-06,1,
Cinemark,Hospitality & leisure,,,1,Springfield,WorkSource Oregon listing,2026-10-06,2026-10-06,1,
Cintas,Other,,,1,Eugene,WorkSource Oregon listing,2026-10-06,2026-10-06,1,
Circana,Other,,,1,Eugene,Reposted by a job board,2026-10-06,2026-10-06,1,
City of Eugene,Public sector,NEOGOV (GovernmentJobs),,1,Eugene,Employer's hiring site,2026-10-06,2026-10-06,1,https://www.governmentjobs.com/jobs/5500923-0/fuels-and-habitat-management-assistant
Columbia Bank,Finance,,,1,Eugene,WorkSource Oregon listing,2026-10-06,2026-10-06,1,
Coquille Indian Tribe,Public sector,,,1,Eugene,Reposted by a job board,2026-10-06,2026-10-06,1,
Cornerstone Associates,Other,,,1,Eugene,Reposted by a job board,2026-10-06,2026-10-06,1,
Cove Church,Nonprofit,,,1,Eugene,Reposted by a job board,2026-10-06,2026-10-06,1,
Crete Carrier,Transportation & logistics,,,1,Eugene,Reposted by a job board,2026-10-06,2026-10-06,1,
DICK'S Sporting Goods,Retail,,,1,Eugene,Reposted by a job board,2026-10-06,2026-10-06,1,
Didlake,Other,ADP,https://myjobs.adp.com/didlakecareers/cx,1,Eugene,Employer's hiring site,2026-10-06,2026-10-06,1,https://myjobs.adp.com/didlakecareers/cx/job-details?reqId=5001228009706
Dollar Tree,Retail,,,1,Springfield,Reposted by a job board,2026-10-06,2026-10-06,1,
Dungarvin,Human services,,,1,Eugene,WorkSource Oregon listing,2026-10-06,2026-10-06,1,
Early Autism Services,Human services,,,1,Eugene,Reposted by a job board,2026-10-06,2026-10-06,1,
Eaton,Manufacturing,,,1,Eugene,WorkSource Oregon listing,2026-10-06,2026-10-06,1,
Farmers Insurance (Tony Core agency),Finance,,,1,Eugene,Reposted by a job board,2026-10-06,2026-10-06,1,
Federal Aviation Administration,Public sector,,,1,Eugene,WorkSource Oregon listing,2026-10-06,2026-10-06,1,
Frontier Dermatology,Healthcare,Greenhouse,https://job-boards.greenhouse.io/frontierdermatologystaffcareers,1,Eugene,Employer's hiring site,2026-10-06,2026-10-06,1,https://job-boards.greenhouse.io/frontierdermatologystaffcareers/jobs/5440547008?gh_jid=5440547008
GAF,Manufacturing,,,1,Eugene,Reposted by a job board,2026-10-06,2026-10-06,1,
Gannett (The Register-Guard),Creative & media,,,1,Eugene,Reposted by a job board,2026-10-06,2026-10-06,1,
Globus Medical,Bioscience & medical devices,,,1,Eugene,WorkSource Oregon listing,2026-10-06,2026-10-06,1,
"Gordon, Aylworth & Tami",Other,,,1,Eugene,Reposted by a job board,2026-10-06,2026-10-06,1,
Guardian Pharmacy,Healthcare,Workday,https://guardianpharmacy.wd5.myworkdayjobs.com/en-us/guardian_pharmacy,1,Eugene,Employer's hiring site,2026-10-06,2026-10-06,1,https://guardianpharmacy.wd5.myworkdayjobs.com/en-us/guardian_pharmacy/job/pharmacy-technician---fulfillment--full-time-_r16307-1
Hayward Inn,Hospitality & leisure,,,1,Eugene,Reposted by a job board,2026-10-06,2026-10-06,1,
Hoban Associates,Real estate,,,1,Springfield,Reposted by a job board,2026-10-06,2026-10-06,1,
Ingersoll Rand,Manufacturing,,,1,Junction City,Reposted by a job board,2026-10-06,2026-10-06,1,
Inner Parish Security,Security services,,,1,Springfield,Reposted by a job board,2026-10-06,2026-10-06,1,
Insight Global (staffing),Staffing agency,,,1,Springfield,WorkSource Oregon listing,2026-10-06,2026-10-06,1,
Interstate Group,Other,,,1,Eugene,Reposted by a job board,2026-10-06,2026-10-06,1,
JAJ Enterprises,Other,,,1,Coburg,Reposted by a job board,2026-10-06,2026-10-06,1,
Jet Industries,Construction & trades,,,1,Eugene,Reposted by a job board,2026-10-06,2026-10-06,1,
Johnson Crushers International,Manufacturing,,,1,Eugene,WorkSource Oregon listing,2026-10-06,2026-10-06,1,
KeiperSpine,Healthcare,,,1,Eugene,Reposted by a job board,2026-10-06,2026-10-06,1,
Lane Education Service District,Public sector,,,1,Eugene,Reposted by a job board,2026-10-06,2026-10-06,1,
Little Sprouts,Childcare,,,1,Eugene,Reposted by a job board,2026-10-06,2026-10-06,1,
Looking Glass Community Services,Nonprofit,,,1,Eugene,Reposted by a job board,2026-10-06,2026-10-06,1,
lululemon,Retail,Employer website,https://careers.lululemon.com,1,Eugene,Employer's hiring site,2026-10-06,2026-10-06,1,https://careers.lululemon.com/en_US/careers/JobDetail/Temporary-Guest-Experience-Lead-Oakway-Center-Eugene/64049
Merete Hotel Management (Residence Inn),Hospitality & leisure,,,1,Eugene,Reposted by a job board,2026-10-06,2026-10-06,1,
Mondelez International (Nabisco),Food & beverage,,,1,Florence,WorkSource Oregon listing,2026-10-06,2026-10-06,1,
Morrison Healthcare,Hospitality & leisure,,,1,Florence,WorkSource Oregon listing,2026-10-06,2026-10-06,1,
Mount Pisgah Arboretum,Nonprofit,,,1,Eugene,Reposted by a job board,2026-10-06,2026-10-06,1,
Mountain Rose Herbs,Manufacturing,,,1,Eugene,Reposted by a job board,2026-10-06,2026-10-06,1,
Northwest Premier,Human services,,,1,Eugene,Reposted by a job board,2026-10-06,2026-10-06,1,
Oregon Flight,Other,,,1,Eugene,Reposted by a job board,2026-10-06,2026-10-06,1,
Oxford Global Resources,Staffing agency,,,1,Springfield,Reposted by a job board,2026-10-06,2026-10-06,1,
Pacific Crest Bus Lines,Transportation & logistics,,,1,Eugene,Reposted by a job board,2026-10-06,2026-10-06,1,
PeopleReady,Staffing agency,,,1,Springfield,WorkSource Oregon listing,2026-10-06,2026-10-06,1,
Piercing Pagoda,Retail,,,1,Eugene,Reposted by a job board,2026-10-06,2026-10-06,1,
Prism Biotech,Bioscience & medical devices,,,1,Eugene,Reposted by a job board,2026-10-06,2026-10-06,1,
Proactive Global,Other,,,1,Eugene,Reposted by a job board,2026-10-06,2026-10-06,1,
RDO Equipment Co.,Retail,,,1,Eugene,WorkSource Oregon listing,2026-10-06,2026-10-06,1,
SalonCentric,Retail,,,1,Eugene,WorkSource Oregon listing,2026-10-06,2026-10-06,1,
ServiceMaster Clean,Other,CareerPlug,,1,Eugene,Employer's hiring site,2026-10-06,2026-10-06,1,https://servicemaster-clean-careers.careerplug.com/jobs/3624574/apps/new
Signify Health,Healthcare,,,1,Eugene,Reposted by a job board,2026-10-06,2026-10-06,1,
Staszak Physical Therapy,Healthcare,,,1,Eugene,Reposted by a job board,2026-10-06,2026-10-06,1,
State of Oregon,Public sector,Workday,https://oregon.wd5.myworkdayjobs.com/en-us/sor_external_career_site,1,Junction City,Employer's hiring site,2026-10-06,2026-10-06,1,https://oregon.wd5.myworkdayjobs.com/en-us/sor_external_career_site/job/mental-health-security-technician---junction-city_req-207281
Stone Works International,Construction & trades,,,1,Eugene,Reposted by a job board,2026-10-06,2026-10-06,1,
Survey.com,Retail,,,1,Eugene,Reposted by a job board,2026-10-06,2026-10-06,1,
Swanson Group (Springfield Plywood),Wood products & forestry,,,1,Springfield,Reposted by a job board,2026-10-06,2026-10-06,1,
The Old Spaghetti Factory,Hospitality & leisure,,,1,Eugene,Reposted by a job board,2026-10-06,2026-10-06,1,
The Reveille Foundation,Nonprofit,,,1,Eugene,Reposted by a job board,2026-10-06,2026-10-06,1,
The Salvation Army,Nonprofit,,,1,Springfield,WorkSource Oregon listing,2026-10-06,2026-10-06,1,
The Traxler Group,Hospitality & leisure,,,1,Eugene,Reposted by a job board,2026-10-06,2026-10-06,1,
Timber Pointe Senior Living,Healthcare,,,1,Springfield,Reposted by a job board,2026-10-06,2026-10-06,1,
TravelCenters of America,Transportation & logistics,,,1,Coburg,WorkSource Oregon listing,2026-10-06,2026-10-06,1,
Trinity Services Group,Other,,,1,Eugene,Reposted by a job board,2026-10-06,2026-10-06,1,
Ulta Beauty,Retail,Employer website,https://careers.ulta.com,1,Springfield,Employer's hiring site,2026-10-06,2026-10-06,1,https://careers.ulta.com/careers/jobs/533741
Ultimate Staffing Services,Staffing agency,,,1,Coburg,Reposted by a job board,2026-10-06,2026-10-06,1,
Umbrella Properties,Real estate,,,1,Eugene,Reposted by a job board,2026-10-06,2026-10-06,1,
Unifi Aviation,Transportation & logistics,,,1,Eugene,WorkSource Oregon listing,2026-10-06,2026-10-06,1,
Unnamed employer (ADP),,ADP,,1,Springfield,Employer's hiring site,2026-10-06,2026-10-06,1,https://workforcenow.adp.com/mascsr/default/mdf/recruitment/recruitment.html?cid=28d91221-0b41-4b09-8496-3cbe3cdcac1d&jobId=737439
Unnamed employer (HRM Direct),,HRM Direct,,1,Eugene,Employer's hiring site,2026-10-06,2026-10-06,1,https://centricityres.hrmdirect.com/employment/job-opening.php?req=3825250&req_loc=1489117&&cust_sort1=199679&#job
Unnamed employer (SAP SuccessFactors),,SAP SuccessFactors,,1,Eugene,Employer's hiring site,2026-10-06,2026-10-06,1,https://career5.successfactors.eu/career?career%5fns=job%5flisting&company=C0001096615P&navBarLevel=JOB%5fSEARCH&rcm%5fsite%5flocale=en%5fUS&career_job_req_id=59833&selected_lang=en_US&jobAlertController_jobAlertId=&jobAlertController_jobAlertName=&browserTimeZone=America/Denver&_s.crb=tgPTfupngc6FIWAOemRxayYMHZ6a%2bXVx%2bJYGmIT81Y0%3d
Unnamed employer (UKG (UltiPro)),,UKG (UltiPro),https://recruiting2.ultipro.com/con1039consh/jobboard/dfaeb5a3-4e9b-409b-a3ee-58878b2fbda9,1,Eugene,Employer's hiring site,2026-10-06,2026-10-06,1,https://recruiting2.ultipro.com/con1039consh/jobboard/dfaeb5a3-4e9b-409b-a3ee-58878b2fbda9/opportunitydetail?opportunityid=6a7abe69-b899-4a95-a736-dcefb9fcbc80
US Foods,Food & beverage,,,1,Eugene,WorkSource Oregon listing,2026-10-06,2026-10-06,1,
VCA Delta Oaks Animal Hospital,Healthcare,,,1,Eugene,WorkSource Oregon listing,2026-10-06,2026-10-06,1,
Waterhouse Ridge Memory Care,Healthcare,,,1,Eugene,Reposted by a job board,2026-10-06,2026-10-06,1,
White Bird Clinic,Nonprofit,,,1,Eugene,Reposted by a job board,2026-10-06,2026-10-06,1,
Worldwide TechServices,Technology,SmartRecruiters,,1,Springfield,Employer's hiring site,2026-10-06,2026-10-06,1,https://jobs.smartrecruiters.com/worldwidetechservices/744000152690484-dynamic-pc-support
