Employer,Hiring system,Address,Lane openings last night,Status,First seen,Last run
Public employers in Lane County,NEOGOV,https://www.governmentjobs.com/,70,ok,2026-10-09,2026-10-10
Albertsons,Oracle Recruiting,https://eofd.fa.us6.oraclecloud.com/cx_1001,42,ok,2026-10-09,2026-10-10
McKenzie-Willamette Medical Center,UKG (UltiPro),https://recruiting2.ultipro.com/qhc1000qhcs,34,ok,2026-10-09,2026-10-10
Public employers in Lane County,NEOGOV,https://www.schooljobs.com/,29,ok,2026-10-09,2026-10-10
O'Reilly Auto Parts,Workday,https://oreillyauto.wd1.myworkdayjobs.com/oreilly,25,ok,2026-10-09,2026-10-10
ukg:dow1001dowl/e88601aa-9d30-45ca-b6e4-610b5a4d6ead,UKG (UltiPro),https://recruiting2.ultipro.com/dow1001dowl,13,ok,2026-10-09,2026-10-10
Umpqua Bank (Columbia Banking System),Workday,https://columbiabank.wd108.myworkdayjobs.com/columbia,10,ok,2026-10-09,2026-10-10
Lithia Motors,Workday,https://lithia.wd504.myworkdayjobs.com/LithiaCareers,9,ok,2026-10-09,2026-10-10
Lowe's,Workday,https://lowes.wd5.myworkdayjobs.com/lws_external_cs,9,ok,2026-10-09,2026-10-10
Peterson Cat,Workday,https://petersonholding.wd1.myworkdayjobs.com/petersonjobs,9,ok,2026-10-09,2026-10-10
Bass Pro Shops,Workday,https://basspro.wd1.myworkdayjobs.com/careers,8,ok,2026-10-09,2026-10-10
U.S. Bank,Workday,https://usbank.wd1.myworkdayjobs.com/us_bank_careers,8,ok,2026-10-09,2026-10-10
oracle:iazbqy.fa.ocs.oraclecloud.com/cx_1,Oracle Recruiting,https://iazbqy.fa.ocs.oraclecloud.com/CX_1,7,ok,2026-10-09,2026-10-10
Gentle Dental,UKG (UltiPro),https://recruiting2.ultipro.com/int1061idsc,7,ok,2026-10-09,2026-10-10
U-Haul,Workday,https://uhaul.wd1.myworkdayjobs.com/uhauljobs,7,ok,2026-10-09,2026-10-10
Greystar,Workday,https://greystar.wd1.myworkdayjobs.com/external,6,ok,2026-10-09,2026-10-10
ukg:eug1001eweb/23d62d3c-f909-4124-8b2c-4aa0d61f4f1d,UKG (UltiPro),https://recruiting.ultipro.com/eug1001eweb,5,ok,2026-10-09,2026-10-10
ukg:gti1000guad/9dfb5104-5c54-40ef-9fef-bdc8060ce73d,UKG (UltiPro),https://recruiting.ultipro.com/gti1000guad,5,ok,2026-10-09,2026-10-10
DICK'S Sporting Goods,Workday,https://dickssportinggoods.wd1.myworkdayjobs.com/dsg,5,ok,2026-10-09,2026-10-10
Camping World,Workday,https://campingworld.wd5.myworkdayjobs.com/jobs,4,ok,2026-10-09,2026-10-10
Equity LifeStyle Properties,Workday,https://equitylifestyleproperties.wd5.myworkdayjobs.com/els,4,ok,2026-10-09,2026-10-10
First Student,Workday,https://firststudent.wd1.myworkdayjobs.com/firststudent,4,ok,2026-10-09,2026-10-10
Guardian Pharmacy,Workday,https://guardianpharmacy.wd5.myworkdayjobs.com/guardian_pharmacy,4,ok,2026-10-09,2026-10-10
oracle:ebwh.fa.us2.oraclecloud.com/cx_1001,Oracle Recruiting,https://ebwh.fa.us2.oraclecloud.com/CX_1001,3,ok,2026-10-09,2026-10-10
RDO Equipment Co.,UKG (UltiPro),https://recruiting2.ultipro.com/rdo1000rdo,3,ok,2026-10-09,2026-10-10
Sherwin-Williams,Oracle Recruiting,https://ejhp.fa.us6.oraclecloud.com/CX_2,2,ok,2026-10-09,2026-10-10
oracle:jpmc.fa.oraclecloud.com/cx_1001,Oracle Recruiting,https://jpmc.fa.oraclecloud.com/CX_1001,2,ok,2026-10-09,2026-10-10
ukg:con1039consh/dfaeb5a3-4e9b-409b-a3ee-58878b2fbda9,UKG (UltiPro),https://recruiting2.ultipro.com/con1039consh,2,ok,2026-10-09,2026-10-10
ukg:mcm1001mcmen/cf27ce71-5418-48dc-a802-8a6e47a52b25,UKG (UltiPro),https://recruiting2.ultipro.com/mcm1001mcmen,2,ok,2026-10-09,2026-10-10
ukg:sch1011sstl/02ac23c5-914c-4ab4-9851-dc1bc7bd9c94,UKG (UltiPro),https://recruiting2.ultipro.com/sch1011sstl,2,ok,2026-10-09,2026-10-10
Genpt,Workday,https://genpt.wd1.myworkdayjobs.com/careers,2,ok,2026-10-09,2026-10-10
ukg:als1001alsco/0a8883de-4664-4282-8752-c5658e72bf32,UKG (UltiPro),https://recruiting2.ultipro.com/als1001alsco,1,ok,2026-10-09,2026-10-10
ukg:pap1001/7297d137-c573-4bf4-8ab4-09ad7dac6ec8,UKG (UltiPro),https://recruiting2.ultipro.com/pap1001,1,ok,2026-10-09,2026-10-10
HD Supply,Workday,https://hdsupply.wd1.myworkdayjobs.com/external,1,ok,2026-10-09,2026-10-10
Techtronic Industries (TTI),Workday,https://tti.wd1.myworkdayjobs.com/TeamTTI-Jobs,1,ok,2026-10-09,2026-10-10
AutoZone,Oracle Recruiting,https://egud.fa.us2.oraclecloud.com/CX_1,0,ok,2026-10-09,2026-10-10
oracle:ehac.fa.us6.oraclecloud.com/cx_1,Oracle Recruiting,https://ehac.fa.us6.oraclecloud.com/CX_1,0,ok,2026-10-09,2026-10-10
oracle:eiqg.fa.us2.oraclecloud.com/cx_1001,Oracle Recruiting,https://eiqg.fa.us2.oraclecloud.com/CX_1001,0,ok,2026-10-09,2026-10-10
Kroger (Fred Meyer),Oracle Recruiting,https://eluq.fa.us2.oraclecloud.com/CX_2001,0,ok,2026-10-09,2026-10-10
PeaceHealth,PeaceHealth careers site,https://careers.peacehealth.org/,0,error: site blocks automated access (403),2026-10-09,2026-10-10
Bridgestone,Workday,https://bridgestone.wd5.myworkdayjobs.com/external,0,ok,2026-10-09,2026-10-10
Comcast,Workday,https://comcast.wd115.myworkdayjobs.com/Comcast_Careers,0,ok,2026-10-09,2026-10-10
DaVita,Workday,https://davita.wd1.myworkdayjobs.com/DKC_External,0,ok,2026-10-09,2026-10-10
UPS,Workday,https://hcmportal.wd5.myworkdayjobs.com/search,0,ok,2026-10-09,2026-10-10
Medtronic,Workday,https://medtronic.wd1.myworkdayjobs.com/medtroniccareers,0,ok,2026-10-09,2026-10-10
State of Oregon,Workday,https://oregon.wd5.myworkdayjobs.com/sor_external_career_site,0,ok,2026-10-09,2026-10-10
Sunrise Group,Workday,https://sunrisegroup.wd108.myworkdayjobs.com/sunrise_careers,0,ok,2026-10-09,2026-10-10
Vans (VF Corporation),Workday,https://vfc.wd5.myworkdayjobs.com/vans_careers,0,ok,2026-10-09,2026-10-10
