Job title,City,How it was posted,Posting link,First seen
Package Handler - Part Time (Warehouse like),Eugene,WorkSource Oregon listing,https://secure.emp.state.or.us/jobs/index.cfm?location_content=jobdisplay.cfm&agency_menu=N&ord=4585164&system=WIOE&type=N&lang=E,2026-10-06
Teacher's Assistant,Springfield,WorkSource Oregon listing,https://secure.emp.state.or.us/jobs/index.cfm?location_content=jobdisplay.cfm&agency_menu=N&ord=4585163&system=WIOE&type=N&lang=E,2026-10-06
Panel Shop - Entry Level,Eugene,WorkSource Oregon listing,https://secure.emp.state.or.us/jobs/index.cfm?location_content=jobdisplay.cfm&agency_menu=N&ord=4585070&system=WIOE&type=N&lang=E,2026-10-06
Environmental Specialist,Junction City,WorkSource Oregon listing,https://secure.emp.state.or.us/jobs/index.cfm?location_content=jobdisplay.cfm&agency_menu=N&ord=4584738&system=WIOE&type=N&lang=E,2026-10-06
CDL-A - Jet-Set Dedicated truck driver - Dedicated Flex,Eugene,WorkSource Oregon listing,https://secure.emp.state.or.us/jobs/index.cfm?location_content=jobdisplay.cfm&agency_menu=N&ord=4584513&system=WIOE&type=N&lang=E,2026-10-06
Special Education Teacher,Springfield,WorkSource Oregon listing,https://secure.emp.state.or.us/jobs/index.cfm?location_content=jobdisplay.cfm&agency_menu=N&ord=4584312&system=WIOE&type=N&lang=E,2026-10-06
Special Education Teacher,Springfield,WorkSource Oregon listing,https://secure.emp.state.or.us/jobs/index.cfm?location_content=jobdisplay.cfm&agency_menu=N&ord=4584309&system=WIOE&type=N&lang=E,2026-10-06
Float Pharmacist,Florence,WorkSource Oregon listing,https://secure.emp.state.or.us/jobs/index.cfm?location_content=jobdisplay.cfm&agency_menu=N&ord=4584295&system=WIOE&type=N&lang=E,2026-10-06
Float Pharmacist,Eugene,WorkSource Oregon listing,https://secure.emp.state.or.us/jobs/index.cfm?location_content=jobdisplay.cfm&agency_menu=N&ord=4584279&system=WIOE&type=N&lang=E,2026-10-06
Department Manager,Eugene,WorkSource Oregon listing,https://secure.emp.state.or.us/jobs/index.cfm?location_content=jobdisplay.cfm&agency_menu=N&ord=4584246&system=WIOE&type=N&lang=E,2026-10-06
"Health, Safety, and Environmental Manager",Springfield,WorkSource Oregon listing,https://secure.emp.state.or.us/jobs/index.cfm?location_content=jobdisplay.cfm&agency_menu=N&ord=4584150&system=WIOE&type=N&lang=E,2026-10-06
Store Manager,Springfield,WorkSource Oregon listing,https://secure.emp.state.or.us/jobs/index.cfm?location_content=jobdisplay.cfm&agency_menu=N&ord=4583603&system=WIOE&type=N&lang=E,2026-10-06
RN - OR,Springfield,WorkSource Oregon listing,https://secure.emp.state.or.us/jobs/index.cfm?location_content=jobdisplay.cfm&agency_menu=N&ord=4583552&system=WIOE&type=N&lang=E,2026-10-06
Financial Service Sales Assistant,Eugene,WorkSource Oregon listing,https://secure.emp.state.or.us/jobs/index.cfm?location_content=jobdisplay.cfm&agency_menu=N&ord=4583527&system=WIOE&type=N&lang=E,2026-10-06
Truck Unload & Replenishment Prep Associate - Part-Time,Springfield,WorkSource Oregon listing,https://secure.emp.state.or.us/jobs/index.cfm?location_content=jobdisplay.cfm&agency_menu=N&ord=4583378&system=WIOE&type=N&lang=E,2026-10-06
Production Associate II Assembler,Eugene,WorkSource Oregon listing,https://secure.emp.state.or.us/jobs/index.cfm?location_content=jobdisplay.cfm&agency_menu=N&ord=4583351&system=WIOE&type=N&lang=E,2026-10-06
Accountant II,Eugene,WorkSource Oregon listing,https://secure.emp.state.or.us/jobs/index.cfm?location_content=jobdisplay.cfm&agency_menu=N&ord=4583309&system=WIOE&type=N&lang=E,2026-10-06
Welder And Fabricator,Eugene,WorkSource Oregon listing,https://secure.emp.state.or.us/jobs/index.cfm?location_content=jobdisplay.cfm&agency_menu=N&ord=4583224&system=WIOE&type=N&lang=E,2026-10-06
"RVP, MH Operations",Eugene,WorkSource Oregon listing,https://secure.emp.state.or.us/jobs/index.cfm?location_content=jobdisplay.cfm&agency_menu=N&ord=4583137&system=WIOE&type=N&lang=E,2026-10-06
Sushi Chefs,Eugene,Reposted by a job board,https://www.simplyhired.com/job/7U5Tdx97IYa_SzsnvNbblilSNLqWArr3SnFcWRHW73g44tvEgnEqAg,2026-10-06
Residential Care Associate II-5843,Junction City,WorkSource Oregon listing,https://secure.emp.state.or.us/jobs/index.cfm?location_content=jobdisplay.cfm&agency_menu=N&ord=4582304&system=WIOE&type=N&lang=E,2026-10-06
Residential Care Associate II-5841,Junction City,WorkSource Oregon listing,https://secure.emp.state.or.us/jobs/index.cfm?location_content=jobdisplay.cfm&agency_menu=N&ord=4582303&system=WIOE&type=N&lang=E,2026-10-06
Residential Care Associate II-5845,Junction City,WorkSource Oregon listing,https://secure.emp.state.or.us/jobs/index.cfm?location_content=jobdisplay.cfm&agency_menu=N&ord=4582302&system=WIOE&type=N&lang=E,2026-10-06
Technical Support Analysts,Eugene,Reposted by a job board,https://careers.netimpact.org/job/technical-support-analyst-ii-eugene-or-df3aad74bd1a819807ad509748dd273bb,2026-10-06
Traveling Ortho Dental Assistant,Springfield,WorkSource Oregon listing,https://secure.emp.state.or.us/jobs/index.cfm?location_content=jobdisplay.cfm&agency_menu=N&ord=4581963&system=WIOE&type=N&lang=E,2026-10-06
Unlicensed Social Worker/Counselor,Eugene,WorkSource Oregon listing,https://secure.emp.state.or.us/jobs/index.cfm?location_content=jobdisplay.cfm&agency_menu=N&ord=4581774&system=WIOE&type=N&lang=E,2026-10-06
Foreign Pharmacy Grad - International Pharmacy Intern,Eugene,WorkSource Oregon listing,https://secure.emp.state.or.us/jobs/index.cfm?location_content=jobdisplay.cfm&agency_menu=N&ord=4581577&system=WIOE&type=N&lang=E,2026-10-06
Civil Engineers,Eugene,Reposted by a job board,https://www.simplyhired.com/job/bxFIgHTd2Wc8CZpkiP75I5jP7Tg959bkTLjhCVG2QkadLxU4krRc6w,2026-10-06
Medical Surgical Certified Nursing Assistants,Springfield,Reposted by a job board,https://www.simplyhired.com/job/yK-jrTHIgjx_fr1fwMsxMwZ5bBbHC5py9adGAnwDh3GzBxY9ce0a7w,2026-10-06
Registered Nurses,Eugene,Reposted by a job board,https://www.simplyhired.com/job/s3PTBbg8F_CtuFddO7byJTu2uppGGaGqrJzPqs7yDF7VhNJVbWuOXw,2026-10-06
Pharmacists-in-Charge,Eugene,Reposted by a job board,https://www.simplyhired.com/job/6-Y77_SXokP78iE_O3cAz3zVXEQA0fcw_SFRDtGPFfi-CFOKKOFAvw,2026-10-06
Welders/Fabricators,Eugene,Reposted by a job board,https://www.simplyhired.com/job/XDBVWa-hq9svTSoSwNJGXLLd-TF9EUtCnt0imk6Tvx6KHZIHXFa-og,2026-10-06
Veterinarians,Eugene,Reposted by a job board,https://www.globaltalentpartners.com/vets/jobs/id/veterinarian/2812067,2026-10-06
Treatment Supervisors,Eugene,Reposted by a job board,https://www.simplyhired.com/job/W33FtE9D-dYXwPktlbuScIezeqnLUJ7vG9CESlyApK187vfeg-Mg_Q,2026-10-06
Telehealth Coordinators,Eugene,Reposted by a job board,https://federalgovernmentjobs.us/jobs/Nurse-Remote-Patient-Monitoring-Home-Telehealth-Care-Coordinator-887482700.html,2026-10-06
Maintenance Manager,Eugene,WorkSource Oregon listing,https://secure.emp.state.or.us/jobs/index.cfm?location_content=jobdisplay.cfm&agency_menu=N&ord=4581292&system=WIOE&type=N&lang=E,2026-10-06
Junior Groomer,Springfield,WorkSource Oregon listing,https://secure.emp.state.or.us/jobs/index.cfm?location_content=jobdisplay.cfm&agency_menu=N&ord=4580984&system=WIOE&type=N&lang=E,2026-10-06
Truck Driver - Home Daily - CDL A,Eugene,WorkSource Oregon listing,https://secure.emp.state.or.us/jobs/index.cfm?location_content=jobdisplay.cfm&agency_menu=N&ord=4580893&system=WIOE&type=N&lang=E,2026-10-06
Park Ranger,Cottage Grove,WorkSource Oregon listing,https://secure.emp.state.or.us/jobs/index.cfm?location_content=jobdisplay.cfm&agency_menu=N&ord=4580876&system=WIOE&type=N&lang=E,2026-10-06
"shift supervisor - Store# 17920, W 11TH & ACORN - EUGENE",Eugene,WorkSource Oregon listing,https://secure.emp.state.or.us/jobs/index.cfm?location_content=jobdisplay.cfm&agency_menu=N&ord=4580850&system=WIOE&type=N&lang=E,2026-10-06
School Behavior Aide,Eugene,WorkSource Oregon listing,https://secure.emp.state.or.us/jobs/index.cfm?location_content=jobdisplay.cfm&agency_menu=N&ord=4580716&system=WIOE&type=N&lang=E,2026-10-06
Baler Operator 1,Springfield,WorkSource Oregon listing,https://secure.emp.state.or.us/jobs/index.cfm?location_content=jobdisplay.cfm&agency_menu=N&ord=4580677&system=WIOE&type=N&lang=E,2026-10-06
ASSOCIATE SALES REPRESENTATIVE,Eugene,WorkSource Oregon listing,https://secure.emp.state.or.us/jobs/index.cfm?location_content=jobdisplay.cfm&agency_menu=N&ord=4580623&system=WIOE&type=N&lang=E,2026-10-06
Environmental Health and Safety Managers,Springfield,Reposted by a job board,https://careers.conbio.org/job/1320413/health-safety-and-environmental-manager,2026-10-06
Directors of Physical Education,Eugene,Reposted by a job board,https://academiccareers.com/job/181465/coordinator-of-operations-department-of-physical-education-recreation,2026-10-06
Pharmaceutical Sales Specialists,Eugene,Reposted by a job board,https://www.simplyhired.com/job/wc2DWKyliHEph2bQgfKLRLtZGRrNcngnX4LDBctKkN32IyMvhKRovg,2026-10-06
Patient Access Clerks,Springfield,Reposted by a job board,https://www.eugenejobs.net/job_view.php?bjobid=36856813284&category=999&keyword=&region_browse,2026-10-06
Packaging Technicians,Eugene,Reposted by a job board,https://www.indeed.com/viewjob?jk=8be3821816af1dba&from=serp&vjs=3,2026-10-06
Resident Care Associates,Junction City,Reposted by a job board,https://www.careersinaudit.com/jobs/residential-care-associate-ii-5743-22.5-23.88-hourly-wage-junction-city-oregon/2997295579-2,2026-10-06
"Sales Representative, Residential Repaint - Territory 75R685",Springfield,WorkSource Oregon listing,https://secure.emp.state.or.us/jobs/index.cfm?location_content=jobdisplay.cfm&agency_menu=N&ord=4580320&system=WIOE&type=N&lang=E,2026-10-06
Courier/Swing Drvr/DOT-1,Springfield,WorkSource Oregon listing,https://secure.emp.state.or.us/jobs/index.cfm?location_content=jobdisplay.cfm&agency_menu=N&ord=4580280&system=WIOE&type=N&lang=E,2026-10-06
"Electrician - Noti, Oregon",Noti,WorkSource Oregon listing,https://secure.emp.state.or.us/jobs/index.cfm?location_content=jobdisplay.cfm&agency_menu=N&ord=4580197&system=WIOE&type=N&lang=E,2026-10-06
"Production Labor - Noti, Oregon",Noti,WorkSource Oregon listing,https://secure.emp.state.or.us/jobs/index.cfm?location_content=jobdisplay.cfm&agency_menu=N&ord=4580196&system=WIOE&type=N&lang=E,2026-10-06
"Maintenance Technician-Millwright, Noti Oregon",Noti,WorkSource Oregon listing,https://secure.emp.state.or.us/jobs/index.cfm?location_content=jobdisplay.cfm&agency_menu=N&ord=4580195&system=WIOE&type=N&lang=E,2026-10-06
"Forklift Operator - Noti, OR",Noti,WorkSource Oregon listing,https://secure.emp.state.or.us/jobs/index.cfm?location_content=jobdisplay.cfm&agency_menu=N&ord=4580194&system=WIOE&type=N&lang=E,2026-10-06
School Speech Language Pathologist (SLP),Eugene,WorkSource Oregon listing,https://secure.emp.state.or.us/jobs/index.cfm?location_content=jobdisplay.cfm&agency_menu=N&ord=4580032&system=WIOE&type=N&lang=E,2026-10-06
Directors of Facilities,Eugene,Reposted by a job board,https://www.indeed.com/viewjob?jk=e38dbbfb1f125268&from=serp&vjs=3,2026-10-06
Certified Occupational Therapy Assistants,Creswell,Reposted by a job board,https://www.disabledperson.com/jobs/75631576-cota-part-time,2026-10-06
Regional CDL-A Truck Drivers,Eugene,Reposted by a job board,https://www.simplyhired.com/job/6t5Pm2sfJzxMJdzQkyPYpkPrs0eYbyf8AivtrVZPRPHu9z5AbOJ89w,2026-10-06
Business Office Managers,Cottage Grove,Reposted by a job board,https://www.disabledperson.com/jobs/75613041-business-office-manager,2026-10-06
Territory Sales Managers,Eugene,Reposted by a job board,https://www.indeed.com/viewjob?jk=5d4c8337cf962e81&from=serp&vjs=3,2026-10-06
